{
  "parent": "minecraft:item/generated",
  "textures": {
    "layer0": "minecraft:item/paper"
  },
	"overrides": [
        {"predicate":{"custom_model_data":7000},"model":"gens/setup/potion1-1"},
        {"predicate":{"custom_model_data":7001},"model":"gens/setup/potion1-2"},
        {"predicate":{"custom_model_data":7002},"model":"gens/setup/potion1-3"},
        {"predicate":{"custom_model_data":7003},"model":"gens/setup/potion2-1"},
        {"predicate":{"custom_model_data":7004},"model":"gens/setup/potion2-2"},
        {"predicate":{"custom_model_data":7005},"model":"gens/setup/potion2-3"},
        {"predicate":{"custom_model_data":7006},"model":"gens/setup/potion3-1"},
        {"predicate":{"custom_model_data":7007},"model":"gens/setup/potion3-2"},
        {"predicate":{"custom_model_data":7008},"model":"gens/setup/potion3-3"},
        {"predicate":{"custom_model_data":7009},"model":"gens/setup/potion4-1"},
        {"predicate":{"custom_model_data":7010},"model":"gens/setup/potion4-2"},
        {"predicate":{"custom_model_data":7011},"model":"gens/setup/potion4-3"}
      ]
}